Workbook

Sheet 4 Duplicate Bills - Detail
A1: Zoho Legacy Duplicate Bill Numbers – 4 Individually Verified Bills
A2: Bill Numbers '001' and '0000001885' are each reused in the Zoho legacy data for two entirely different vendors/bills. Each of the 4 bills below is treated as a separate, individual record (matched on Bill Number + Vendor + Legacy Zoho Bill ID) and cross-checked against the current system, since a Bill-Number-only match would incorrectly conflate them.
A4: Sl No. | B4: Bill Number | C4: Legacy Zoho Bill ID | D4: Vendor | E4: Bill Date | F4: Due Date | G4: Status (Legacy) | H4: Total Amount ($) | I4: Amount Paid ($) | J4: Balance Due ($) | K4: Current Value in New System - Status | L4: Current Value in New System - Total Amount ($) | M4: New System Bill ID (Unique Ref.) | N4: Tax Name | O4: Tax % | P4: Tax Amount ($)
A5: 1 | B5: 001 | C5: 6671277000013636099 | D5: NESTOR ISRAEL ESTRADA | E5: 2026-05-05 | F5: 2026-05-05 | G5: Overdue | H5: 195 | I5: =H5-J5 -> 0 | J5: 195 | K5: Overdue | L5: 195 | M5: 6671277000013636099 | N5: No Tax | O5: 0 | P5: 0
A6: 2 | B6: 001 | C6: 6671277000013636182 | D6: CLARENCE GILL GARCIA | E6: 2026-05-05 | F6: 2026-05-05 | G6: Paid | H6: 320 | I6: =H6-J6 -> 320 | J6: 0 | K6: Paid | L6: 320 | M6: 6671277000013636182 | N6: No Tax | O6: 0 | P6: 0
A7: 3 | B7: 0000001885 | C7: 6671277000015104128 | D7: GRUPO Q INVESTMENTS S.A. | E7: 2026-05-30 | F7: 2026-05-30 | G7: Paid | H7: 18500 | I7: =H7-J7 -> 18500 | J7: 0 | K7: Paid | L7: 18500 | M7: 6671277000015104128 | N7: ITBMS 7% | O7: 0.07 | P7: 1210.28
A8: 4 | B8: 0000001885 | C8: 6671277000016254546 | D8: JETOUR PETROAUTOS REPAIRS & MAINTENANCE | E8: 2025-12-26 | F8: 2025-12-26 | G8: Paid | H8: 5.82 | I8: =H8-J8 -> 5.82 | J8: 0 | K8: Paid | L8: 5.82 | M8: 6671277000016254546 | N8: ITBMS (INPUT) 7% | O8: 0.07 | P8: 0.38

Sheet Update Sheet - New System
A1: Update / Reconciliation Sheet – New System (Individual Bill-Level Verification)
A2: Use this sheet to push/confirm updates in the new system. Each row is matched to its unique New System Bill ID (not just Bill Number) so the two same-numbered bills per pair are updated independently. 'Match?' columns are formulas — they will recalculate if source values change.
A4: Sl No. | B4: New System Bill ID (Unique Ref.) | C4: Bill Number | D4: Vendor | E4: Status - Legacy | F4: Status - New System | G4: Status Match? | H4: Total Amount ($) - Legacy | I4: Total Amount ($) - New System | J4: Amount Match? | K4: Amount Paid ($) | L4: Balance Due ($) | M4: Action Required
A5: ='4 Duplicate Bills - Detail'!A5 -> 1 | B5: ='4 Duplicate Bills - Detail'!M5 -> 6671277000013636099 | C5: ='4 Duplicate Bills - Detail'!B5 -> 001 | D5: ='4 Duplicate Bills - Detail'!D5 -> NESTOR ISRAEL ESTRADA | E5: ='4 Duplicate Bills - Detail'!G5 -> Overdue | F5: ='4 Duplicate Bills - Detail'!K5 -> Overdue | G5: =IF(E5=F5,"Yes","NO - Review") -> Yes | H5: ='4 Duplicate Bills - Detail'!H5 -> 195 | I5: ='4 Duplicate Bills - Detail'!L5 -> 195 | J5: =IF(H5=I5,"Yes","NO - Review") -> Yes | K5: ='4 Duplicate Bills - Detail'!I5 -> 0 | L5: ='4 Duplicate Bills - Detail'!J5 -> 195 | M5: =IF(AND(G5="Yes",J5="Yes"),"No update needed - verified matching","Update New System to match Legacy") -> No update needed - verified matching
A6: ='4 Duplicate Bills - Detail'!A6 -> 2 | B6: ='4 Duplicate Bills - Detail'!M6 -> 6671277000013636182 | C6: ='4 Duplicate Bills - Detail'!B6 -> 001 | D6: ='4 Duplicate Bills - Detail'!D6 -> CLARENCE GILL GARCIA | E6: ='4 Duplicate Bills - Detail'!G6 -> Paid | F6: ='4 Duplicate Bills - Detail'!K6 -> Paid | G6: =IF(E6=F6,"Yes","NO - Review") -> Yes | H6: ='4 Duplicate Bills - Detail'!H6 -> 320 | I6: ='4 Duplicate Bills - Detail'!L6 -> 320 | J6: =IF(H6=I6,"Yes","NO - Review") -> Yes | K6: ='4 Duplicate Bills - Detail'!I6 -> 320 | L6: ='4 Duplicate Bills - Detail'!J6 -> 0 | M6: =IF(AND(G6="Yes",J6="Yes"),"No update needed - verified matching","Update New System to match Legacy") -> No update needed - verified matching
A7: ='4 Duplicate Bills - Detail'!A7 -> 3 | B7: ='4 Duplicate Bills - Detail'!M7 -> 6671277000015104128 | C7: ='4 Duplicate Bills - Detail'!B7 -> 0000001885 | D7: ='4 Duplicate Bills - Detail'!D7 -> GRUPO Q INVESTMENTS S.A. | E7: ='4 Duplicate Bills - Detail'!G7 -> Paid | F7: ='4 Duplicate Bills - Detail'!K7 -> Paid | G7: =IF(E7=F7,"Yes","NO - Review") -> Yes | H7: ='4 Duplicate Bills - Detail'!H7 -> 18500 | I7: ='4 Duplicate Bills - Detail'!L7 -> 18500 | J7: =IF(H7=I7,"Yes","NO - Review") -> Yes | K7: ='4 Duplicate Bills - Detail'!I7 -> 18500 | L7: ='4 Duplicate Bills - Detail'!J7 -> 0 | M7: =IF(AND(G7="Yes",J7="Yes"),"No update needed - verified matching","Update New System to match Legacy") -> No update needed - verified matching
A8: ='4 Duplicate Bills - Detail'!A8 -> 4 | B8: ='4 Duplicate Bills - Detail'!M8 -> 6671277000016254546 | C8: ='4 Duplicate Bills - Detail'!B8 -> 0000001885 | D8: ='4 Duplicate Bills - Detail'!D8 -> JETOUR PETROAUTOS REPAIRS & MAINTENANCE | E8: ='4 Duplicate Bills - Detail'!G8 -> Paid | F8: ='4 Duplicate Bills - Detail'!K8 -> Paid | G8: =IF(E8=F8,"Yes","NO - Review") -> Yes | H8: ='4 Duplicate Bills - Detail'!H8 -> 5.82 | I8: ='4 Duplicate Bills - Detail'!L8 -> 5.82 | J8: =IF(H8=I8,"Yes","NO - Review") -> Yes | K8: ='4 Duplicate Bills - Detail'!I8 -> 5.82 | L8: ='4 Duplicate Bills - Detail'!J8 -> 0 | M8: =IF(AND(G8="Yes",J8="Yes"),"No update needed - verified matching","Update New System to match Legacy") -> No update needed - verified matching
